augmented_constrast_stretching_1,augmented_log_1,augmented_exponencial_1,augmented_laplaciano_1,augmented_media_1,normalized_constrast_stretching_1,normalized_log_1,normalized_exponencial_1,normalized_laplaciano_1,normalized_media_1,originalGray_1,augmented_constrast_stretching_2,augmented_log_2,augmented_exponencial_2,augmented_laplaciano_2,augmented_media_2,normalized_constrast_stretching_2,normalized_log_2,normalized_exponencial_2,normalized_laplaciano_2,normalized_media_2,originalGray_2,augmented_constrast_stretching_3,augmented_log_3,augmented_exponencial_3,augmented_laplaciano_3,augmented_media_3,normalized_constrast_stretching_3,normalized_log_3,normalized_exponencial_3,normalized_laplaciano_3,normalized_media_3,originalGray_3,augmented_constrast_stretching_4,augmented_log_4,augmented_exponencial_4,augmented_laplaciano_4,augmented_media_4,normalized_constrast_stretching_4,normalized_log_4,normalized_exponencial_4,normalized_laplaciano_4,normalized_media_4,originalGray_4
1515883,306,230,7206390,44748,1291768,116901,91667,4166823,45063,928,10768505,2358,3283,9748873,50117,10583776,56410,34301,6118815,45438,3490,5054087,308,543,7629213,47073,4479078,85166,60280,4336041,44328,1112,5201415,306,400,7722587,47931,4699030,80867,49546,4440041,44789,1036
120895,25,396,2244067,6925,118903,51265,38588,369341,55794,262,113013,290,17288,3524954,17496,56229,52313,43285,483711,49336,16431,297981,52,1914,2882528,5877,132839,56731,44102,371018,54999,1709,266727,38,987,2928782,4162,130061,52234,38412,371036,54935,937
100008,30,567,999188,427,106113,58584,54690,314585,66678,367,104266,131,137122,1150685,46237,46391,70418,48820,400769,53024,51120,226101,36,9836,1265285,2744,115744,58020,48425,326840,58753,3934,204805,31,2979,1240508,1235,110262,59272,47640,338006,64788,2458
83477,30,787,525424,47,92933,58943,53253,267687,59226,447,52983,88,131528,508988,79656,37702,53719,42133,342086,60839,87762,177190,41,14783,677751,4559,100745,66166,52977,295479,57484,6893,159408,35,15827,667351,5437,95745,58957,55794,288330,59471,7607
77319,27,1215,296903,16,82863,60756,56902,239360,64891,571,99639,56,359406,284709,119167,40390,60214,55924,290836,56185,126926,154467,43,42397,423553,9893,88696,63065,61905,274497,66866,13344,141022,32,31552,421833,6905,86439,62058,54122,266113,58111,8668
66694,37,2153,191319,74,74179,63110,54492,218497,61615,759,28613,42,228184,181858,155446,27990,50174,49514,255815,55579,164365,128287,26,38028,302770,16843,82205,61289,56762,243147,63055,20852,117394,35,26446,303797,10928,78428,60993,51476,239728,61452,13953
62228,32,3514,147451,144,73583,62403,59667,203389,64678,973,25275,41,483861,127963,202511,32863,59468,43222,234741,51324,202715,117111,41,90375,239796,20126,73678,65839,55686,221366,67267,24536,106460,39,63578,240483,15759,72116,60440,53482,220331,61870,19606
58464,37,4852,126981,162,65546,61382,62832,183935,61510,1202,20075,36,533607,95862,211727,32097,66936,57587,212916,52271,217293,107640,45,126112,200248,28610,72903,57068,62884,202833,56963,33307,98830,41,167966,200437,17791,65397,63391,57038,201435,61454,21782
59566,28,13069,115322,408,65418,66541,59533,169652,64019,1572,49748,52,671696,74503,233623,20527,51921,52009,192583,60745,238327,107050,42,148062,173164,36764,69474,62502,62302,183472,61640,42498,96372,32,175209,172659,20435,64709,58568,59921,186266,57994,26092
55060,29,24674,107838,368,62024,64603,56827,152482,59079,1936,17851,67,671731,60156,250879,18862,61721,43640,171418,57236,250634,98719,40,170771,151187,45187,63451,59236,56775,165984,59394,49888,91326,42,164683,152535,29149,61956,66296,60366,164684,62146,35383
58484,32,38197,101232,602,62194,61936,66383,137434,61379,2665,50443,40,664834,49565,260424,25404,73909,67585,156985,66348,261086,103250,42,184938,135031,54796,62284,60256,61884,150553,58594,60092,91805,34,224822,135395,45258,58321,60840,61645,150761,68615,52102
54143,27,57720,96036,732,59235,63993,69702,121283,69020,3247,18035,40,656949,41837,265161,24152,54616,44257,141289,57399,271525,93919,42,189618,120463,62176,60373,62381,53423,132251,60106,66734,87332,41,196874,120863,49802,54702,64108,65745,134406,58783,54794
60456,31,85616,91864,2004,57034,66579,67570,109122,61454,5158,84476,43,657351,35229,320313,39270,53632,47482,120862,48436,319522,105834,44,193779,109960,64493,55083,56468,52682,118067,59889,70437,90504,30,267204,109485,61826,52617,54911,52086,116265,61118,68166
52857,29,135681,87369,4597,58186,62409,59490,93387,67997,8616,16987,24,663711,30503,351726,19504,67075,42246,103690,51926,351924,89011,29,223885,100125,72793,56483,60243,58006,101456,61671,77755,84317,28,238049,99307,79051,50516,75467,69345,100656,66797,85241
53765,25,115350,83643,5698,57380,63426,65497,83229,63553,10178,19081,33,985054,26276,336177,28862,53673,45342,89471,67608,336043,88370,40,310820,91723,77823,54782,58745,53976,87736,60580,82900,83427,40,363192,91079,81355,48801,58807,60059,88269,61290,86337
52712,25,104251,80117,9259,57695,64217,64866,71279,65253,14478,15110,30,627271,23244,334094,17474,65965,45959,77031,55081,335740,85328,40,244559,84270,80875,53121,66663,51637,75166,65487,87918,81286,34,446550,83467,73791,50014,69172,54609,75628,67234,79153
56021,17,101910,76863,11049,57633,63318,66416,60547,63816,17116,49927,16,524058,20070,330694,24736,43920,65446,65465,50793,330207,89693,28,261699,77463,82277,47996,62630,67412,63181,62852,87968,82501,30,492482,77007,74258,50443,57775,65733,62928,62613,78153
53892,18,112572,74423,12907,57171,60416,60667,50954,62436,20719,16006,30,474143,17937,329926,16361,79295,53416,54731,59560,334019,82790,25,383742,72421,90157,51597,62223,56959,53290,61262,96697,79639,18,585934,71534,73815,51575,58752,66604,53458,58961,76928
57507,20,129682,71886,17157,57201,62586,59044,42191,62068,26046,54474,23,502118,16109,323094,27325,59688,55882,44310,57202,326699,90764,27,341370,67330,88827,52952,61827,61110,45016,64787,94858,81817,29,649342,66541,75681,48112,56547,56968,44100,59105,78442
54625,14,111750,69671,21922,57919,62237,61530,36556,64345,30128,17087,30,414360,14402,324742,19525,60049,72175,37332,69523,329508,82498,26,478727,62796,84796,47381,60713,70106,36766,71296,92969,78232,28,629886,61699,79423,48473,62503,58028,36514,63439,82337
60229,15,122274,67279,28308,55085,63043,64047,31808,62711,36385,95391,33,544366,12718,320536,27209,79379,54455,32038,57784,327695,94559,27,439994,58374,82680,45633,65979,56330,30838,61925,91696,84675,33,573348,57779,87946,44569,57652,57478,29706,58791,91278
55577,14,158206,65606,38129,56260,61014,64532,27895,61506,44966,15528,42,305095,11331,315918,21106,53228,56881,25416,63974,327770,78988,26,547134,55438,87931,50847,61540,64746,25731,64396,98286,75683,21,620153,54641,88728,44926,59285,56465,23973,60391,90859
56626,14,156652,64385,42932,57127,59943,56986,25686,60921,48807,18732,38,354601,10183,310638,25976,76294,86380,21007,68610,316429,79315,18,554968,52210,93321,45526,63822,68962,21162,63948,103094,75426,22,530492,50756,86516,45894,60243,54703,20182,61469,89916
56980,21,187895,62049,42117,56564,61486,57571,22267,61332,48702,14221,37,190640,9259,320804,14332,58314,51060,16478,69468,332442,76601,17,464822,48704,99023,43836,58958,57949,17891,64203,108832,72404,13,525003,48149,86345,49154,68106,54228,16151,68598,92184
59255,13,186142,60151,41216,57025,60473,60652,21320,61827,49602,51258,65,219613,8629,337679,17078,59259,63271,13567,52359,340110,81400,26,515458,46923,100447,46101,59805,58075,14508,58964,108681,74348,27,569152,45018,99071,41721,60753,52086,12975,59678,100773
57890,12,227751,59050,44160,53934,58927,58997,20213,60877,51825,14472,40,168725,7779,341249,13929,50436,27304,10532,60665,340515,74678,24,514316,43443,107342,50579,58781,54856,12586,60737,111285,70749,25,490299,42377,104196,46431,58989,54998,10943,61206,104533
61618,10,222007,57302,50248,55794,61987,62727,20362,63208,58755,54794,52,154112,7041,335258,26954,45519,45579,8014,49051,337680,81305,30,503156,41861,113252,44288,63685,53659,10648,63773,114966,73377,31,508449,40240,108399,53952,62121,55196,8527,59515,110137
59909,13,274178,55671,43904,57591,57800,57439,20638,64173,51297,14831,51,196379,6490,328666,23441,45549,39778,6282,44645,322298,73286,33,416798,39638,115674,47783,58981,61143,9158,62924,112893,69141,24,462527,38098,112455,45716,58410,62594,6987,63802,115447
63707,6,262838,54737,40992,58489,57844,57373,22209,61105,49826,63273,93,188225,6020,297968,31304,76977,47146,5413,49104,292512,80961,44,458178,37637,118666,46205,60573,57016,8888,61821,117495,73672,30,401207,36059,122606,45907,59831,55476,5930,62195,125043
61509,14,308463,53144,39038,57318,67312,64888,23950,64741,48323,16206,162,164644,5410,278812,29694,83398,63192,3817,56417,274538,71884,86,449786,35979,118566,48453,62214,55949,8316,59745,117881,67862,30,414528,34526,127822,42381,59683,60984,5093,64324,131132
67965,7,304509,52476,39658,58210,58887,62193,25891,66085,49095,90108,485,213621,5123,250224,22616,71386,68023,2775,76119,241999,85975,77,406911,33809,121626,44990,61516,59543,7920,64437,123117,79408,62,377321,32576,133029,46881,70827,78069,4644,69795,137250
61803,12,356248,51589,39990,56558,61831,60450,28272,68209,49800,14449,1785,200749,4813,231725,17594,69805,67936,2454,94427,227387,69000,712,399618,32427,126422,45040,64493,61887,8353,68859,130394,66261,61,326827,31104,134946,45881,63520,59350,4344,67831,143068
62944,11,361289,50532,41435,62130,63410,60809,30540,67936,53706,18245,11299,143600,4373,221120,34385,85086,90057,1688,77472,228651,69340,74,388419,31134,143935,57736,71086,73174,8939,74280,152042,65638,63,271712,29520,153215,51536,68172,62431,4081,70866,167546
62469,17,342930,49480,36060,51551,57896,56081,33337,59118,45666,12879,771,220617,3996,179437,12589,38113,36631,1326,48233,171202,66540,75,369383,29604,134411,36089,54749,54057,9555,56855,130907,64138,66,239720,28164,146841,37363,54836,52524,4585,55549,148578
65170,11,384709,48188,38043,55473,59100,57678,36165,60237,49710,51050,343,225317,3712,178601,23132,48087,56072,861,56084,178500,73228,62,351971,28367,143367,43305,61408,63249,10349,58311,146580,66770,45,211358,26541,158397,40942,59927,59466,5130,56154,166066
63347,14,395859,47208,36343,54572,58311,56117,38714,61793,49338,13504,216,240561,3354,194602,13504,52707,46896,648,51622,190597,64483,44,331859,26995,154489,46006,65936,60929,11361,64739,156785,63120,52,200890,25463,170942,46628,65131,64868,5648,64407,179799
65834,15,391146,46025,37483,62074,63320,56956,41151,65243,52940,57963,208,235632,3205,218621,43226,76259,59378,460,56402,227025,75436,46,306299,25913,171626,59953,67878,60344,12372,68300,182661,63788,75,204429,24161,186995,54780,66590,73337,6363,69974,204111
64481,12,353323,45282,35578,50154,55872,54256,43783,60370,48149,13930,135,262155,2957,180438,12339,35408,38534,321,42383,155783,63517,57,328111,25160,162536,33809,53343,52747,13508,56441,159744,61862,69,193477,23486,180061,34851,55905,55334,7418,58335,183932
67514,9,382593,44187,36569,59394,57170,60631,45696,60482,51197,52638,134,333898,2681,190308,16158,82567,78360,269,63861,178032,75992,47,248868,23809,173862,36685,57423,59950,14738,58453,173966,62570,51,173165,22173,191909,42216,63061,59274,8268,59682,202105
65253,16,382867,43309,38379,52161,60179,58393,47163,62345,54260,13787,145,227530,2525,194005,22538,49605,74960,173,60808,178356,61869,56,232627,22578,182275,48753,60101,61028,15788,60095,182507,59937,53,205621,21070,211600,39831,65797,55105,9712,65841,213806
67149,11,366444,42780,41282,66277,64945,63425,48887,67562,60131,53369,128,247425,2374,216141,21099,91196,71220,142,80078,221730,71515,44,206284,22077,187822,49363,63976,64478,17187,66686,202716,59953,42,173084,20226,227910,53940,69611,57938,11315,66239,235043
65548,20,337567,41937,39215,48040,55819,53389,49651,59379,56432,14497,107,193264,2230,151658,10184,38118,34005,124,50412,126239,60491,42,204976,21191,180368,32196,52228,51403,18568,55622,183169,59099,53,195343,19154,213443,33695,56457,51109,12876,57548,205351
67103,7,354829,41142,40795,56599,59404,56349,49948,60778,59474,52921,130,170517,2009,158426,13934,71797,50363,70,58371,153880,71455,58,232011,20117,184314,41091,61602,56148,19494,63439,193978,59699,41,264914,18507,205942,40221,59441,57954,14410,61174,208529
66526,8,347882,40114,43460,58579,61451,59590,50587,61483,64085,15285,185,150056,2012,147295,27260,69237,64220,35,73921,140259,59263,40,176287,19458,189975,46914,67109,59082,20257,68277,199025,58024,58,224589,17678,198006,44438,64504,65726,15920,67290,206749
68175,19,337556,39175,44888,64444,64971,66140,49575,66617,68544,60222,172,126797,1899,147564,35170,80547,110227,31,97384,163406,71723,68,170533,18484,197042,62605,64618,76550,21379,66695,210243,58344,61,270705,17129,197847,56776,67459,69927,17935,70487,215373
67470,6,323958,38809,43307,47252,54823,52766,48411,57401,65801,18528,195,118918,1711,80567,12623,36679,34347,31,51552,70282,59044,94,196820,17997,190335,35423,52954,51639,22383,55279,188657,57036,71,228485,16352,181897,34125,56239,53843,20088,59000,186161
68123,18,304590,38172,46153,53752,58088,56676,46982,60444,69221,95479,1659,107430,1719,83816,29066,89592,50185,25,59974,88999,86277,77,160827,17258,195390,40935,57315,56430,22598,57784,192444,57489,70,277146,15619,179180,42037,60595,55896,21815,59151,184797
67910,18,290091,37447,48608,61581,57883,58302,45941,63572,73678,14953,475,78048,1576,82561,32089,55276,80787,13,65889,86670,56786,115,153310,16840,200280,41788,59998,57673,22784,63118,191697,54994,109,235287,15113,178736,43489,64129,62732,23831,66459,183266
67383,26,275316,36919,50893,67517,62942,61527,44039,65866,78653,18167,794,89768,1456,105036,26059,68565,104114,13,78168,118199,57076,164,185607,16302,201281,53806,75177,75110,23605,69918,198857,54356,133,284235,14424,178161,56313,71198,63771,25768,70421,185238
67041,19,258305,36042,51366,48472,53693,51920,42173,58151,76111,13436,1842,110691,1389,45840,10183,36979,38678,11,48340,38993,53639,221,154558,15328,192448,34510,52443,48942,23991,55015,181942,52414,203,293390,13903,168092,32438,54540,49643,27163,55805,168268
66753,16,218465,35475,54882,54063,64320,56642,40706,59931,80158,13727,37397,70887,1304,64003,15890,57440,35810,15,57298,71489,53720,2004,194563,14623,185572,36763,62534,52149,24281,57421,183367,53016,707,304174,13229,166445,39157,59972,57150,29159,59506,167512
69454,17,226254,34989,57459,56907,57267,56234,38569,63247,82862,56702,1559,68920,1273,63338,19575,77346,71470,16,67693,63280,67315,173,147325,14357,178974,48381,66323,57421,24535,69037,180479,54420,190,214703,12661,168253,41151,56722,57439,30605,61638,169538
69887,17,223857,33990,62398,64475,71205,66897,36680,65692,90132,57089,3458,46274,1138,86138,38500,97304,73285,18,63836,97440,68627,196,178127,13732,178720,53995,67628,71501,24347,73092,185846,55117,144,269709,12104,169755,57800,76294,66887,32269,70929,174819
68599,31,217810,33630,64827,46761,51410,49514,35657,56645,88223,15499,1357,33004,1041,41991,11950,37623,37382,23,48669,31364,52821,246,142373,13239,175469,34833,51154,50334,24805,55344,172212,52139,227,157568,11715,165471,34467,54426,52736,33066,56402,161133
68257,22,207941,32722,70931,57080,57017,57182,34348,61312,94419,19471,691,31750,1011,58824,19622,55852,66931,42,74457,62596,54039,146,189012,12623,175867,48625,61847,67194,24945,59651,176940,51860,149,141575,11296,169901,45248,62834,63406,34246,62451,163388
71766,17,198812,32528,75803,61135,55942,56684,33022,62058,99197,59511,542,28636,997,64657,11727,52173,70840,50,63032,64229,67976,144,139269,12233,177098,39311,52738,60379,25442,58846,178677,53309,135,97220,11071,170417,42161,64998,74527,34869,62951,165202
72437,31,225100,31753,82089,71879,71165,70141,32319,71681,105262,58099,399,28509,910,90974,46659,107477,122517,86,82227,100836,67943,124,127138,11982,180593,51493,74106,62058,25464,67124,187694,53597,130,75502,10167,172239,53866,64673,66040,36076,74067,167335
68418,27,185225,31297,83279,47506,50321,49324,31563,53653,100266,16214,444,31219,832,43595,11673,37797,42961,93,50893,32591,50641,158,157143,11295,172310,34028,49948,46474,25817,51345,166572,49969,123,55722,9911,169504,32964,51923,51757,36450,54259,158680
68376,25,185976,30672,91525,59853,67977,57724,31454,60397,104543,16563,501,22523,814,62884,16985,56250,62928,113,60066,66260,50142,159,116572,11065,173346,48529,55595,51748,26297,58486,168997,49003,155,43899,9721,168656,40187,59115,55957,36861,56019,158220
72752,20,193221,29832,97011,58524,56565,56470,31224,59069,109454,65471,1332,18146,803,71335,24863,70048,55893,138,68631,69105,64088,226,141835,10704,177781,45573,73828,55017,27043,63741,169233,51124,259,37390,9298,167611,46974,64413,69141,37290,64127,157793
71880,34,197814,29476,103827,64071,60469,81618,31393,74281,115079,64447,790,19919,749,102717,17224,92304,120635,201,81674,112512,65209,212,128623,10142,179658,55607,73005,69486,27067,77177,174517,50674,235,32920,8802,166561,54966,70121,79374,37653,71365,161153
68329,31,211469,29350,105275,47119,49474,48597,31956,52868,112140,17798,1452,14328,681,45750,10182,37250,46754,255,55521,31703,48879,321,89440,9739,169784,33075,51014,46226,28217,54583,154350,47019,300,25192,8511,158769,33871,51446,50677,37389,53648,146387
67614,24,212632,28810,110757,59607,80947,60914,32319,63840,115830,15892,3186,13724,687,64131,20862,68208,94792,285,78782,67479,47311,577,106020,9676,168042,36522,62886,58343,29465,56004,156597,45741,533,18355,8390,156532,40030,64394,53722,37645,56807,145643
71338,28,215159,28355,116348,53801,56431,52894,32929,61677,120589,102252,4482,17223,662,71371,24824,47820,38217,403,69333,68353,78163,3280,105886,9254,166573,39455,58346,59083,30318,63939,154639,50597,4089,9807,7818,153790,41891,52539,54660,37662,64063,142646
68066,35,250903,27762,123002,60422,52103,65652,33550,67245,124266,15991,59786,12241,622,76537,24852,48606,54823,495,51965,78299,46987,508,93390,8930,164637,49773,60134,60811,31344,64968,152986,45215,496,5332,7667,153089,41905,60093,57598,37176,63360,142464
68432,49,169268,27312,129628,70574,71361,73995,34221,70655,130737,18934,5657,16359,563,99768,27520,102645,59862,565,71088,106674,46869,485,71127,8413,166734,56098,70179,75984,32197,70787,157210,44549,582,3721,7385,156394,49111,73722,73738,37217,68131,147254
68299,27,266066,26620,129397,47457,50069,50277,35147,53458,125394,15712,6535,16640,502,42418,11836,38352,29911,776,44768,30371,45152,409,85089,8391,152204,34237,50360,52188,33655,53984,135856,43005,361,4715,7106,144675,33297,50868,47795,36301,52253,130645
68603,35,194620,26117,133118,56957,63668,57319,35895,60809,128419,61462,2465,9576,443,64222,27050,60347,48318,874,50236,66032,60826,348,75223,7762,149964,36495,61103,58492,34948,59579,139033,44934,329,10617,6951,144347,42144,67541,55002,36402,65974,130365
68224,39,188699,25805,137007,56297,51931,57032,36670,62549,130949,14748,1717,15534,498,72546,13442,61185,56752,1099,70080,70462,42665,355,43650,7702,150514,47162,67234,69152,36325,62035,140434,41568,328,960,6473,143610,44287,59057,57357,36289,58525,127311
68761,57,234316,25428,141225,55430,60058,65046,37415,61982,133135,70661,1444,10457,420,66114,21038,55537,69256,1282,64533,66640,58137,334,41183,7445,145648,41016,60015,83144,38273,61359,139417,45060,345,85,6172,140578,48923,60237,58994,35592,60485,123959
68962,54,155853,25052,147839,60202,54098,64761,37440,62137,133919,15600,4231,12957,442,68893,13412,74614,92639,1570,64901,68105,41449,489,30212,7211,141762,47786,70772,63594,39618,68181,133609,39781,561,15,5983,137278,41862,66822,75233,35457,61718,121136
68854,58,275456,24702,151180,60998,73335,53194,38283,64975,134979,73592,5384,9956,417,68708,13852,58242,50157,1867,60525,68113,60652,816,28233,6911,140587,39986,61386,64226,40951,68290,132531,44443,647,0,5879,135083,46986,56061,50849,35079,62261,119081
68138,53,223149,24518,156494,56357,60424,61170,38712,61815,137394,15746,8456,16383,398,76668,41345,74315,55941,2170,63931,76030,40063,870,16532,6694,142873,40248,63535,61969,42214,63630,132007,37924,682,1,5666,132473,40777,61174,53417,33797,65272,117428
68585,58,217063,24013,160120,70111,70300,69822,39044,70800,138919,71997,83918,11402,395,106080,38630,84587,69393,2559,80435,114150,57645,7159,13291,6325,152806,58845,75208,90921,42879,76524,147034,42313,3663,0,5396,131119,50496,70766,93499,33232,72681,116112
68324,41,234328,23433,165354,46468,45319,48310,38894,53123,138032,16277,11274,11431,332,45956,12855,34324,33713,2892,46080,33051,39088,1357,18028,6201,133546,34247,49696,47939,44449,51579,114786,36419,896,0,5043,129223,33966,47461,48493,33189,52006,110122
68766,50,182596,22973,169147,59007,52606,62902,39046,66441,139528,77939,4573,8232,375,69371,15384,56113,59522,3412,56172,72845,57158,840,19614,5923,137927,41987,60998,54103,45195,56564,124505,39857,658,0,5042,128450,44509,54651,48198,33018,59980,110308
67489,63,154648,22940,172851,50620,71748,56287,38966,58875,140670,16832,5800,1376,307,76014,16574,61029,83491,3880,61851,72932,37381,816,20235,5760,140774,45874,56213,49928,46039,60301,124108,34600,794,0,4833,128997,38604,69832,60501,32556,60730,109786
68505,57,132228,22324,175775,62173,45650,65951,38371,60613,142385,72931,2755,1171,284,77961,17030,57646,52750,4508,65488,80187,56114,656,29637,5485,140352,42146,69577,51093,46170,68339,124753,38322,644,0,4542,125775,46193,65829,59430,32387,62090,107638
68088,63,129680,22013,178773,55362,45669,76937,38558,61388,143080,17349,6878,1021,316,75526,19624,77602,92874,5132,66575,74634,36118,1057,33726,5358,138823,43202,55944,78341,46270,64822,120769,32894,864,0,4422,122489,43654,59131,70060,32172,62619,105782
68649,70,80641,21630,180154,62807,57416,59192,37921,69371,143651,131824,7197,793,262,82007,21806,74743,75535,5485,72020,83547,73295,1225,30386,5234,134627,44907,59916,65548,46618,67110,117388,41214,1079,0,4330,119239,41545,64735,56338,32139,62509,102445
67235,94,54489,21469,179855,56185,53643,62360,37820,61994,142517,15327,11425,775,282,85654,35346,54504,55753,6130,66468,83031,34523,2406,31718,4951,134060,48924,67183,57970,46250,65212,115742,31250,1545,0,4178,115334,44357,54871,46987,32055,68194,99493
66981,64,42016,20893,179539,71785,75971,70729,38005,73137,143503,19375,91050,775,248,112564,32225,76259,70908,6815,75886,123766,35972,9804,14562,4907,142358,51836,74630,74279,46492,70748,131711,31369,6615,0,3921,114353,53443,91672,55934,32213,68120,100884
66571,82,20980,20513,177189,46429,47070,48609,36851,52243,138688,14010,22750,797,221,47338,11103,35293,27447,7522,42853,33654,31885,2261,13452,4558,116227,33315,48412,54955,47021,52039,93940,29250,1327,0,3846,105697,34477,46690,45360,32315,54694,89847
66542,93,14938,20147,177551,60194,101295,63547,36771,60268,137830,78433,12386,920,243,74297,14506,54493,37072,7993,52174,78188,47228,1583,1372,4394,118938,40941,64936,75935,46319,59589,106442,34678,1084,0,3703,100671,39143,47698,66733,32105,65632,88962
66349,79,12401,19818,178662,59675,54956,51893,36584,59225,138649,14682,9053,1016,235,87044,24188,64499,28581,9166,63249,84944,30923,1497,145,4209,115394,40263,58184,60281,46302,59158,100625,28191,1190,0,3659,96668,43273,54479,68764,32721,57905,86509
65979,83,8236,19643,178310,53681,54125,63545,36365,61724,138841,86791,4244,1076,227,86564,25139,69135,51963,9560,57012,89849,47390,1065,20,4179,112905,40322,68566,61350,46373,66743,102964,35330,1043,0,3379,91886,36821,57764,70977,33205,56617,84658
65972,94,6561,19029,179465,53905,61215,63710,35461,64435,138124,14459,5113,1420,214,89268,20179,75747,44410,10072,69884,87862,29754,1733,2,3964,110748,53158,67397,56008,46066,61586,97841,26860,1320,0,3341,86339,52517,64018,52143,32770,62765,80356
66009,116,5392,18811,179388,59667,52296,53096,35401,68765,137268,69752,14459,1771,227,93636,17539,73084,87299,10522,68439,94989,48279,1828,0,3792,106662,41022,58233,62410,45730,72079,95947,34260,1268,0,3225,79990,38246,72064,49446,33264,63828,76016
65070,134,4194,18681,178235,59164,53750,83780,35116,58893,137176,14111,24299,268,187,92738,19499,44539,52907,11019,63652,89150,28488,3428,0,3800,104331,45863,64429,69162,44949,64734,93267,25511,2001,0,3246,74348,48348,66397,47420,33600,65573,72710
65112,132,3736,18054,176329,73477,67081,89240,35212,74190,137871,67237,115271,31,186,135595,24774,40613,95388,11316,68195,150047,48839,9608,0,3538,113010,55534,74725,60129,44717,71298,110422,35178,10939,0,3032,70809,51467,63041,108350,32973,78793,74711
64356,123,3403,17693,175251,47245,45807,51380,34587,52557,134161,14732,19139,11,186,49628,11002,34266,36614,11944,42917,32063,27465,3637,0,3544,82193,36076,48926,45231,44287,53649,68051,24468,2088,0,2932,60932,32243,46078,45445,33267,52733,61429
64339,161,4200,17470,174360,56429,73823,59436,33912,61763,133714,66889,15826,0,183,90706,30549,87783,63840,12776,56948,94744,48758,2666,0,3352,82503,40291,59035,55314,44179,61796,80650,33026,1678,0,2792,59224,42528,55472,44169,32996,58515,64456
64337,140,5835,17221,172088,55776,65110,47588,33828,59662,133292,14846,7431,0,161,101057,23316,56705,50831,13485,63439,100846,26754,2086,0,3215,80465,43239,63614,74737,43318,59720,77307,23093,1540,0,2725,57288,36571,73402,39769,33192,60344,63136
63456,143,1277,16887,171482,56295,52996,55412,33782,67930,132288,50236,12430,0,161,83230,17754,65405,55905,12854,50844,83748,45333,2929,0,3063,74991,41151,67197,56409,41780,64795,77939,32375,2152,0,2731,52613,52299,73330,52526,33615,63188,60595
63041,229,335,16683,169795,65102,129470,77635,33301,59591,130665,16264,13698,0,136,80890,11088,81324,100626,13118,66444,81778,28541,5459,0,2892,72811,42840,51878,65157,40703,61232,77168,23579,3032,0,2500,52606,38798,47769,61838,33686,60239,60817
63419,190,112,16261,169728,58705,46537,76480,32913,61817,129881,86408,22238,0,144,80241,30662,58347,61186,13552,74024,82010,58099,13777,0,2866,67278,47479,62528,52757,39224,63141,76432,41180,9992,0,2348,47789,40013,59681,71443,34062,61524,56786
62744,188,28,15923,169228,56435,57030,65288,33114,63108,128235,13179,114875,0,129,68090,20833,73234,50524,15486,65628,64612,25237,4383,0,2782,63978,40408,60745,69191,38458,63062,72150,21823,2577,0,2297,46706,39970,76901,77467,34786,66837,55354
62102,165,10,15842,168691,72022,64265,63210,33083,77612,128356,13916,37181,0,129,91951,39045,85328,74573,15329,69151,102734,25861,4223,0,2631,69727,59917,60774,78567,37213,77233,86827,22351,3090,0,2125,53042,60039,68471,114378,34791,83162,65176
61037,209,3,15554,167062,47000,44663,50306,32764,54738,125222,11062,17155,0,121,36575,10536,33791,34868,14019,48150,26193,22011,3474,0,2517,45744,36227,50694,58373,36912,52707,49292,19029,2668,0,2166,38849,35022,48238,54390,34893,55986,43042
60464,206,2,15382,165609,55564,44761,62473,32441,62621,123749,45548,21976,0,133,55429,14227,56117,55322,14208,58852,59909,39019,4292,0,2464,49947,43600,87765,79739,35871,54019,65443,27670,2868,0,2086,39921,38073,50682,48909,34739,59278,50081
59358,301,0,14731,163522,56822,52750,72366,32540,58661,123031,11099,30828,0,129,57637,15571,56226,91117,13976,54525,56877,21316,7056,0,2417,53492,39801,65801,57978,34923,67469,62569,19378,3736,0,1995,43630,43874,59981,51333,35065,60032,49947
59305,351,0,14776,161303,53396,55609,57744,32320,61963,121469,10584,140508,0,119,51508,17867,57465,33525,14397,67396,53612,20248,19389,0,2361,54811,39806,63030,70186,34079,60663,68954,17544,12069,0,1892,41801,46013,68309,58056,36074,58829,51840
60442,289,0,14362,159549,64917,86039,63180,32174,63128,119653,42960,27247,0,105,52022,24841,55251,50919,14313,53130,52764,37313,6830,0,2156,55453,42161,60162,59802,33100,66272,66476,28653,4350,0,1886,43331,36438,45466,53857,36517,62328,50787
59940,310,0,14144,155495,58173,48398,66822,31967,62328,118377,12509,32791,0,93,47986,21205,73115,70319,14360,65890,49574,24473,6436,0,2224,52653,49931,62897,55419,32781,61782,63146,19877,4554,0,1760,42319,43259,60298,61943,36693,63325,50373
60731,380,0,13981,150121,57508,98584,61425,31556,72321,116712,40705,24737,0,89,48214,34756,54096,52657,14764,68905,47552,44153,7394,0,2103,53460,44766,64875,63842,32003,68056,62070,30610,4928,0,1712,44969,48228,81890,65735,37244,67900,51138
60610,389,0,13595,144231,72962,46421,74162,31696,70818,115561,42457,142497,0,99,63856,17684,118229,95914,14085,92886,70790,44422,21712,0,2028,64908,49448,72621,76009,31696,70161,79694,32581,16897,0,1640,57284,52575,87429,52344,37475,74530,68195
57220,339,0,13488,135776,46801,47927,52137,31337,54456,109116,11227,41123,0,100,25859,11211,39922,40395,14276,55016,19244,24520,9653,0,1915,40120,34233,48131,47275,30992,54194,40669,19889,6519,0,1563,36418,34569,49303,43239,38499,56122,36841
57511,477,0,13348,129029,53459,69372,59806,31165,59100,108234,10287,28450,0,96,35740,20461,61775,77727,14669,65575,36815,20704,7498,0,1825,46408,48112,54769,49233,30620,59629,57803,17926,5603,0,1529,42024,45187,55194,68162,38869,60773,49945
57888,455,0,13098,123068,52059,64505,81745,30795,56532,106269,36753,30779,0,109,39235,22016,47599,60362,15773,56794,40757,37469,8832,0,1732,46884,39749,60327,56088,30690,63732,49207,28209,6820,0,1508,44937,36537,46012,79022,39181,59855,47787
56722,496,0,12997,117996,53687,60302,67212,30873,66753,105522,10339,43001,0,76,40423,28253,61135,51183,15549,54018,40798,20512,11108,0,1736,49932,49845,60072,63187,30637,62703,60019,18272,10520,0,1407,44669,37407,72563,64952,39767,64988,52059
58041,682,0,12468,110555,73902,48679,52908,31065,62190,101972,36821,144355,0,79,37328,20806,69966,62868,14430,58880,37191,40126,27029,0,1629,47870,38391,58226,63068,30726,60381,52435,31599,26333,0,1355,43971,40471,60460,49154,39833,62882,48880
57208,571,0,12363,105682,54727,71469,58109,30376,64602,100842,11881,40920,0,72,30482,21909,57919,49897,15351,51810,31531,23975,11908,0,1618,49655,46482,67118,70535,30729,65764,56322,21809,9679,0,1273,41203,52952,62345,59090,40695,69933,46232
58913,684,0,12199,101019,62513,91961,68332,30535,66985,99137,60574,46397,0,78,30844,14974,61487,63413,15690,68382,30656,59417,13366,0,1403,50586,43804,80550,69777,30809,67401,54404,48506,11608,0,1291,41327,51493,77485,59122,41038,63731,45243
55446,816,0,12022,98566,56420,76131,63837,30518,74565,102309,9793,153265,0,83,40308,29189,71586,66348,15551,84300,44976,19188,30023,0,1479,62679,61775,74218,93482,30723,70898,72840,18042,25422,0,1176,51875,53986,70926,72627,41600,74016,59595
53834,794,0,11549,87762,48929,47925,51403,30552,53174,89804,10018,40720,0,60,22196,10162,40749,41851,14934,54948,17768,22142,12689,0,1358,37604,35287,48868,54187,30360,54590,33462,19517,11876,0,1167,31027,32288,48200,53582,42020,53189,28783
52321,759,0,11328,83946,72390,57101,66898,30146,52606,92129,8225,28696,0,79,30492,37328,71550,70268,14863,68067,32301,17248,10024,0,1450,45341,35440,66628,65382,30659,63762,49739,16302,9759,0,1134,35897,33424,57218,87359,42102,60668,40077
53478,919,0,11198,81047,53611,45172,72832,30055,61377,90929,27112,38945,0,64,29371,15315,90284,92514,15517,68371,27650,36481,11950,0,1303,49087,39721,62839,49708,30461,62534,49055,30207,11409,0,1104,40676,47450,60666,49969,41766,59540,40569
52309,1069,0,11056,77072,59385,52408,78114,30142,62256,89947,8467,38182,0,69,27729,20326,57217,78801,15963,64951,29162,17556,13681,0,1234,45414,47389,55131,62717,30914,64442,50057,17361,33692,0,1066,41173,38988,72943,77741,40962,61247,44389
53446,2025,0,10857,72713,52739,56616,49764,30403,60080,87193,32298,197532,0,46,31283,28493,66486,88984,16782,74287,32041,32587,31850,0,1190,47516,44444,73408,58015,31019,63801,48957,30807,14055,0,1034,40548,48422,60551,65274,41024,65526,42224
51492,1224,0,10500,67257,64996,44927,50022,30239,71639,83016,9009,54682,0,65,27775,16672,53270,91333,17399,70254,27559,18024,15294,0,1088,51817,49185,59735,68014,30933,65912,54186,17172,11628,0,941,42205,38415,61885,56960,39829,63085,42559
53874,1580,0,10278,65969,61111,46472,61842,30412,64278,83969,32315,78035,0,57,30404,16245,70246,53409,18613,67952,30610,41831,19491,0,1116,52233,39141,52232,60136,30564,66855,52281,34910,15600,0,913,43002,45138,57530,49356,40318,66059,44204
53293,4257,0,10181,69886,66385,74029,85844,31433,67596,92887,27583,205276,0,47,41170,31664,93046,82125,20284,71083,45750,33835,36953,0,949,59522,48214,77427,89887,30540,73598,65593,32733,47026,0,929,56633,53327,70390,103805,40261,74041,62164
48804,1779,0,9893,55133,46933,51004,53030,31017,55102,69421,10051,57050,0,45,16491,10381,39297,42089,21235,46876,12306,20199,16878,0,992,37495,34261,51618,55508,30958,57379,29524,18139,15203,0,882,34194,34613,47183,48182,39611,58054,27391
47559,2101,0,9939,56278,63225,87358,61849,31201,63783,77214,8066,68383,0,44,24641,26898,56768,71719,22970,48388,25187,15818,18986,0,960,42626,46264,66610,61543,31395,58405,44030,14367,18790,0,842,39037,44579,66352,56386,39294,64807,39951
51110,2526,0,9626,58230,54882,109945,78267,31489,64126,76060,21878,192655,0,54,23071,21221,40885,45481,25111,63980,23916,35445,39049,0,911,49433,45430,61781,59726,31249,56224,46881,27785,21193,0,820,43403,35547,53612,47025,38648,56978,41562
47343,4857,0,9459,56984,60521,60408,61168,31890,62947,76338,8458,63259,0,48,22974,11537,50410,64529,27776,54835,23646,17111,20654,0,918,49351,46656,67725,57106,31493,63875,51051,14934,47067,0,829,45198,49466,74194,60825,38268,62650,46867
51012,3245,0,9424,56847,59453,49514,59658,31989,62798,74787,22160,54046,0,39,22709,14896,54407,65100,29323,50385,22189,36532,17765,0,846,49322,42360,56936,58049,32223,63496,49625,29581,23871,0,765,45434,35149,60186,67916,38279,68060,45493
46974,7102,0,9066,55405,46423,46162,50225,33674,65986,72302,9333,69014,0,42,24486,32852,67823,48607,32253,72558,25769,20058,23978,0,828,47879,43643,63276,57551,32821,62924,46835,16451,36106,0,689,50331,44845,66727,63003,38308,62944,50292
53909,4245,0,9084,55292,57656,60915,60055,34776,59736,73510,35107,205025,0,51,19941,26091,103581,72206,34394,60952,18962,53463,43171,0,848,49085,44344,69462,78091,32791,65702,50234,42585,23905,0,701,49719,43084,48945,56498,38269,66124,50534
46253,4287,0,8695,53989,60697,43833,76944,34815,58403,72035,8780,84779,0,39,21960,22178,59754,39000,36962,83662,23867,17324,26389,0,767,50177,45929,56853,79722,32993,61661,49911,16869,23068,0,650,54064,43994,56856,52728,38222,64014,54934
45626,8038,0,8778,50254,61023,60451,77446,35899,70930,67908,10830,184802,0,28,20571,24389,87552,57767,40418,80701,19581,20251,43532,0,727,53292,45260,61528,57952,33991,67617,51899,16702,34690,0,649,54773,54869,48923,90439,38637,63904,53764
48976,5584,0,8601,63070,78404,71119,67740,37469,72642,85728,23938,77717,0,37,16993,28027,57273,104172,43756,82094,19371,30988,26058,0,700,63985,47583,84699,59186,34220,68754,70950,25746,23700,0,605,71022,45014,78106,75568,39218,64290,78992
43441,6371,0,8306,40490,47556,48641,53256,38770,57603,52164,8362,83584,0,33,8618,10674,39600,42071,46518,51636,6871,17204,27429,0,704,36793,34519,50456,48452,35004,57778,28051,13962,25816,0,616,40053,33218,48547,48474,39624,55246,29511
41267,10850,0,8164,42417,55178,50714,71210,39221,64124,63217,6529,204354,0,32,13913,18279,63084,53996,50389,53178,15208,13763,55722,0,648,44606,45611,61061,56694,35482,65075,48564,11087,34662,0,559,48221,46191,83911,48883,39795,66954,52087
47391,8036,0,7975,48171,50874,92092,49901,39746,59337,64233,20713,101877,0,31,9088,21813,38868,62371,55129,48819,8924,33313,31770,0,610,47626,47579,49287,65153,35997,60933,44414,26129,27197,0,525,53850,44537,74023,58591,40894,60921,49455
40889,14523,0,7846,45976,62791,95329,64407,41374,57959,66419,6528,206369,0,27,8086,32727,68326,51721,56561,54056,8141,14258,56040,0,620,46557,43912,54550,80783,36346,60638,49250,12464,36185,0,570,57519,36085,55488,81939,41519,65183,61755
47740,11206,0,7739,45794,51504,67879,55918,41898,65118,64139,21919,104770,0,34,8456,24903,59174,114674,59168,63877,9076,34460,36563,0,600,47546,42634,63819,60007,37032,62183,47363,29574,29740,0,552,55768,39895,68875,79970,42630,60892,54822
40954,16876,0,7613,43862,64339,68315,59836,48189,59804,61138,7232,199660,0,25,7339,17939,48369,49899,62461,65121,6511,16177,54415,0,551,46141,45689,63553,54584,37694,63372,46706,15900,30530,0,516,55747,47086,73984,53308,43418,64001,55688
46859,11955,0,7320,42975,55692,47583,84634,46898,65298,59701,25422,92186,0,25,9525,13435,64959,46727,66006,68470,10458,34039,37567,0,524,45870,41855,83016,64329,38671,62613,45201,29256,39930,0,472,52382,48790,77596,69491,44887,67086,52358
37926,18510,0,7068,42694,60215,62021,85411,50851,61457,58865,6362,88905,0,27,8212,17543,64499,34248,70756,70600,7582,14511,49847,0,540,45525,43893,79171,76673,39821,68520,46430,12437,33092,0,485,55875,45049,68234,54268,45970,61821,55912
44933,14379,0,7099,42661,49776,58604,76462,51634,65960,58433,21142,201317,0,31,9670,27601,51689,42516,73509,69006,10573,39195,36845,0,498,43389,43456,61822,53540,39849,62355,43481,30207,44583,0,470,56580,39356,47805,58476,48321,64549,56550
37287,14463,0,6871,42890,58305,59160,51466,51568,69094,58663,6603,98426,0,19,8238,15560,72058,59320,77101,64492,7488,14957,52816,0,462,44511,44408,59381,64020,41287,64307,46098,12435,36899,0,422,53984,44357,47897,66531,50220,63856,54510
46693,26229,0,6867,41812,54557,64754,56475,61306,70829,56228,23964,211949,0,24,9803,20963,50498,68067,83895,66592,9705,36533,36300,0,444,44895,41872,57564,65467,42114,66193,47141,31466,39772,0,432,54473,37042,68194,87737,53729,58468,54437
36379,18381,0,6635,44157,59644,49421,76145,63727,58110,58265,6918,116662,0,20,9189,15844,73693,63020,94196,62736,9594,17098,38502,0,453,44143,46316,48937,66721,44275,62152,44039,13092,53226,0,398,55168,52460,54178,47086,57091,65416,55459
54265,30072,0,6633,46937,47444,65442,61687,55394,59219,59537,37953,204884,0,20,9067,26292,76667,58409,84637,50333,9168,45267,58314,0,441,40698,40364,66617,68649,45519,66288,41991,44860,53495,0,372,59225,42119,59071,63936,60696,65320,58709
37532,22322,0,6408,47875,58759,87186,87313,52929,72911,59863,7444,118834,0,17,9394,30172,66359,76136,81835,60052,8916,19649,44566,0,373,40461,46830,72990,63828,47047,65254,41011,17883,44419,0,390,55669,43526,49833,60387,64468,64218,56031
36293,31757,0,6408,48276,63042,65517,59475,55335,61205,59475,6843,227260,0,17,8400,26285,80183,58873,84711,79351,7751,17912,67606,0,394,42676,42581,58583,58911,48691,68422,43531,16578,55462,0,357,55861,37533,68821,74140,63004,68873,55339
43192,32115,0,6192,73108,58383,77254,70541,55481,78824,90994,18694,215939,0,19,9874,26178,59710,77580,82360,74742,11935,25728,66025,0,359,56983,50717,85732,74264,50026,68533,64393,25753,60261,0,327,84540,57850,102086,82855,60312,74180,91531
33351,23021,0,5886,36951,43950,49127,49183,55164,54198,36006,6077,137988,0,21,7054,10190,37628,44420,78914,51777,6070,15947,50353,0,337,26396,33342,52845,55077,54000,57984,19705,13398,47566,0,344,36045,30747,48413,48320,68853,54939,25139
30386,29750,0,5767,47194,56016,96131,60735,56510,58748,61383,4649,122834,0,23,7376,15764,62274,65567,75265,54797,6931,11387,52008,0,340,34271,34766,66402,67511,55626,62680,37260,9390,46272,0,285,47741,40645,61451,49708,65777,60658,51654
41306,23683,0,5758,55075,57399,49451,49303,57012,61017,58907,17472,208474,0,14,7877,17911,52942,100780,75257,70589,8794,28981,67372,0,331,40068,36240,63695,60624,59639,57423,39094,26433,57222,0,290,56059,38531,48967,72690,63037,59107,51846
30086,24089,0,5691,59322,44646,61665,64784,64770,64974,71581,5128,146553,0,17,6565,18149,69554,50203,75813,61013,6893,14159,71325,0,334,41153,50032,56947,77321,61915,68319,44984,11337,55500,0,304,57579,49696,82538,60286,67736,63066,59619
30430,40494,0,5578,60516,58960,47983,50292,62505,61366,67309,5127,226396,0,13,6594,12754,70926,73387,74919,65717,6243,14534,58938,0,301,42307,39735,61979,69595,61649,61799,42312,12106,68516,0,276,57517,38329,49175,45538,59400,64956,57891
41743,35138,0,5404,62474,49805,63219,65749,77878,66346,69324,17060,230273,0,11,5523,31409,62975,89935,88580,69096,5524,32315,69672,0,280,40883,42871,65145,55774,62503,62249,42530,30219,74200,0,269,59315,34270,79855,59703,57945,58247,58446
29200,27866,0,5293,63351,52649,60602,84217,65802,59471,69582,4857,166919,0,14,6285,30790,56562,70104,79420,67448,7597,13297,70906,0,280,39214,41360,67435,68468,66014,60564,38952,11327,64209,0,275,57723,39567,84252,45847,65090,59745,57588
42534,37252,0,5237,61428,58610,61475,64744,65891,67565,67222,16449,194733,0,9,4849,15764,82272,80922,84531,55325,4484,33537,59849,0,282,39359,36957,68388,64597,69515,66599,40741,31604,77587,0,239,59289,45682,74082,61605,62044,69370,58846
30273,36107,0,5054,63862,49996,79726,58884,69502,66234,69347,5591,184294,0,6,5278,22693,47348,71953,74241,54622,5888,16296,61173,0,231,39623,47508,75909,60965,70670,64649,40316,14812,79029,0,264,55961,37148,61804,89109,59472,59696,55116
42748,35482,0,4993,67376,53947,105474,83074,60102,60522,71743,20333,136113,0,6,4549,21768,77884,49568,70152,72737,5170,32971,72479,0,253,38849,36179,58315,55528,73366,68507,39469,37673,68595,0,260,58278,49364,48687,74363,55187,67205,58257
27842,29189,0,4988,65126,53625,49771,71281,65512,56599,69114,4492,149894,0,7,4064,17611,61475,48404,64638,58382,3580,12853,77662,0,243,37483,46625,52049,66092,71954,63699,38514,12015,70615,0,253,57539,40703,74531,48324,53072,61616,56485
44526,30239,0,4831,68882,52058,62333,65363,66645,66819,72602,14196,128855,0,13,5325,20881,60444,60127,59955,59432,6159,35855,78784,0,236,34040,37800,56982,72231,79079,62194,34487,38067,97163,0,234,55143,45613,53552,70410,53157,62046,55505
26797,39763,0,4629,67206,54723,47737,50469,59991,62415,69848,4765,157494,0,10,4554,19912,55883,52942,58005,63101,4404,13346,102547,0,227,36080,42566,69579,57181,73189,57354,35513,12623,107452,0,222,59735,33199,47218,74810,52092,68592,60110
44051,46689,0,4656,67547,50479,78962,58577,59255,66874,70735,18954,175024,0,5,5346,18354,57140,38466,54789,68868,6023,36638,125757,0,198,39918,41070,86928,60840,73301,66042,44032,41825,131120,0,220,59362,47354,78567,49024,52055,69824,60755
25970,42958,0,4463,68183,44258,45788,75589,51430,67240,69161,4447,143563,0,7,3900,12612,99936,76074,58738,81426,3510,13572,111843,0,205,37142,44271,61992,80122,65964,72572,32722,12865,115398,0,206,58556,38051,73731,67115,49239,62354,58097
41036,48071,0,4380,97204,61284,59610,91640,50351,74104,107732,15277,160213,0,13,5344,46075,84240,93595,52595,84223,6978,38004,117119,0,196,48737,48744,62409,65306,68302,77449,58004,40562,139961,0,209,89297,62415,90513,77320,49239,80238,98543
25590,38985,0,4347,45666,42636,49462,54413,48192,54010,33133,4269,138562,0,5,3178,12202,45560,41151,49026,52447,2476,14615,109343,0,184,22796,33889,49982,52518,63025,56806,13569,13385,132142,0,200,31973,30693,49010,50301,48632,55520,20699
57692,37908,0,4207,59045,46785,57021,79859,47642,62699,66243,15410,170420,0,15,3958,29795,57009,64801,47964,56082,3895,55570,131668,0,198,32587,36996,59785,60488,59673,55490,38891,64476,144923,0,176,50852,35483,63452,61880,49079,55225,56452
25852,41959,0,4106,69452,40261,58826,57619,45629,58273,65390,3498,209584,0,14,4566,12052,34962,66858,44601,50955,5632,12874,160210,0,187,32310,37725,68730,70072,58548,61325,28305,13478,159893,0,165,58536,32894,77205,50609,47287,57494,56606
27732,42074,0,4085,68556,44057,118995,46710,44791,61548,73919,3557,150684,0,7,3374,32759,48165,54426,44844,64479,3157,17229,148573,0,147,32871,50902,82814,71999,56604,64527,37135,18549,149666,0,161,61902,51103,45791,76538,50329,60419,66252
23765,46049,0,3939,63836,40269,49171,46262,44629,69458,63847,3060,161300,0,10,5091,17664,37066,36191,45504,65844,5360,11837,153248,0,149,32178,40087,63769,65248,54001,64570,30983,11914,162239,0,167,60177,39837,47800,96305,56208,59454,60573
37446,52775,0,3824,66879,43025,86085,48594,42146,61262,67914,12163,154050,0,10,3795,15685,67569,62449,42555,52850,3621,34173,155323,0,157,31126,39751,49830,56921,53501,59931,33104,36478,187055,0,170,60959,40125,54632,51433,51627,62768,62665
22870,56881,0,3875,67319,40222,69553,76564,41019,63448,67198,3137,119668,0,8,4287,21633,75903,70120,42590,48345,5248,12021,151023,0,129,27258,38633,54615,51095,54157,60972,26491,12217,203699,0,152,58514,40707,62101,72669,50353,67857,59346
42142,63946,0,3631,63098,39562,49445,78322,40975,64939,62844,5854,189644,0,5,3631,19385,111054,51181,39415,59391,3478,33381,179525,0,126,29014,37271,65125,74733,53403,62117,31131,39032,225602,0,151,53607,43436,72598,65567,48882,64663,54764
22214,62302,0,3591,64580,42660,49503,63521,40314,66982,63969,2864,111896,0,9,3265,23321,68762,96933,40015,77890,3011,12362,173321,0,144,29819,43531,78535,70757,53019,62554,29645,12909,202380,0,135,52252,41064,58440,101660,47026,60787,53229
44069,66603,0,3595,65096,39696,74386,99730,39089,64160,64427,5179,146859,0,10,4698,16263,51381,80112,40268,81872,5783,36674,192576,0,106,26802,41323,66319,62451,50005,62650,27492,48435,206784,0,143,51557,36797,81842,60363,46062,70724,52518
21313,72735,0,3359,65021,39165,63006,62321,38616,62532,63244,2981,136808,0,4,2982,20125,56844,58282,41734,60940,2139,12239,200835,0,120,26364,41053,62535,57530,47025,67663,26054,12843,205523,0,139,50290,38200,65789,48911,43996,60271,51620
42363,78058,0,3468,65501,38783,70140,48202,38362,64206,64359,6187,158579,0,7,4706,28353,87692,66863,41040,57965,6307,35059,213567,0,121,26676,43715,67470,79824,44577,62040,27981,42552,209266,0,112,50233,41177,63608,48414,43001,64765,52452
20197,75382,0,3260,61919,43544,47409,45665,38603,60763,59478,2883,70976,0,8,3520,19242,47688,61314,39777,61336,2648,11593,196383,0,105,25659,42146,76011,80456,44498,62718,25394,12494,180833,0,129,49107,41538,86137,57941,43198,58894,49274
40196,80847,0,3254,62323,38790,47325,47606,37496,61441,60620,3454,88017,0,5,5036,19395,89058,62744,39082,76372,5594,34910,204273,0,107,25496,36001,59565,62160,40713,65285,26177,42973,172892,0,128,49585,41583,64111,77030,42523,67854,51875
19575,87292,0,3103,64963,38822,67127,67038,38140,74085,62446,2994,87965,0,5,4168,20877,57374,64358,38009,62534,4284,11714,207787,0,104,26919,36982,56215,66323,40423,66079,27603,12034,183058,0,101,48083,47918,48203,47039,41503,66378,48789
39647,94460,0,3083,103274,42593,80488,59804,37818,72411,110424,7413,118747,0,4,4970,29197,78933,112255,38162,87384,6488,33839,219298,0,72,37185,60465,79937,60427,38923,72888,42156,40260,197693,0,144,61448,45206,49748,92978,42092,79305,68564
19303,92991,0,3016,41589,38423,47899,51089,38313,51815,27167,3153,37832,0,3,2410,10888,40064,42644,39030,52875,1797,11120,200555,0,79,14724,32198,48570,50217,38391,54572,10489,11992,178456,0,114,20906,28310,48061,47241,40598,53273,13756
39615,100641,0,2957,59863,38127,65956,76221,38036,57697,64100,4420,45199,0,4,3005,36414,61215,46890,38749,54087,2878,35362,210088,0,95,19722,35846,47891,56262,36695,56485,20285,43679,184726,0,107,32506,31167,86476,47296,40537,60165,37921
18763,110831,0,2844,65910,38298,83455,114261,37792,53320,62365,3051,95092,0,5,3952,19238,54425,73703,41915,68532,4640,10631,205265,0,91,23789,38273,72670,80535,36563,62329,25880,12491,198369,0,91,35535,39060,47575,59688,41015,65570,35121
39424,111260,0,2928,68825,37945,65030,65777,38307,67422,71355,7469,94610,0,7,2995,18040,93957,88376,41708,57816,2687,32652,191624,0,84,20724,36871,59276,61951,36130,65824,20671,43760,198170,0,98,34985,34273,97186,87431,41040,58555,38571
17929,116275,0,2847,70624,37557,87580,70261,38007,69909,70208,3223,34134,0,9,4229,24890,53320,67301,40732,67124,5095,10633,186373,0,84,24105,41524,79674,70656,35444,63737,27060,12579,189913,0,70,30740,34210,59442,66638,40424,56623,32449
39877,122383,0,2742,69486,37737,47910,47351,38863,68352,69782,4274,70752,0,4,2963,11831,66390,59639,46496,62118,2511,35485,202853,0,86,21443,40046,68309,54751,34949,63873,20109,42491,202901,0,98,29811,55197,58525,70448,42581,75121,31096
17857,140996,0,2590,71327,37548,57721,49305,39845,69746,71083,3202,135773,0,5,4490,14171,44708,51442,43242,69451,5629,10468,224853,0,86,24512,37865,64187,63383,35393,61263,26394,11972,209825,0,62,27666,45448,81694,78696,41680,59440,29586
38198,138280,0,2587,70881,37472,86085,69539,38979,56435,71213,6443,52062,0,1,3001,34374,75066,52207,41945,66276,2954,37023,204908,0,73,22891,45139,64181,78878,35638,63352,23088,42425,204677,0,106,25971,34374,47168,52407,40542,62287,27148
17503,150985,0,2516,75683,37719,44700,68779,39876,63449,76746,3182,108474,0,1,2571,23539,60849,60011,42887,63982,2355,9997,212123,0,66,21174,31011,49378,61238,35509,62446,21850,11916,203030,0,62,24670,36750,64351,69622,40823,73285,25938
40411,157386,0,2444,71443,37483,46918,61699,40419,65330,72274,6484,123045,0,4,3718,13785,82281,106883,45149,64223,4814,34336,230161,0,65,21052,44552,83939,67794,35886,62207,22094,43343,210634,0,86,26026,33898,70404,63238,41275,53275,28111
17023,158595,0,2446,72223,37674,92297,88874,40183,62650,73553,3339,38694,0,4,2279,12410,48277,59987,44708,68457,1804,9744,213422,0,61,22658,33589,69007,60199,36891,62642,22404,12216,198463,0,80,21253,26924,57642,86891,40454,67208,22501
42493,165698,0,2322,71331,37005,72473,68744,40629,68072,73044,5822,46054,0,6,3574,20047,69297,67800,44268,63150,3911,32222,220053,0,80,17450,44516,73112,71303,36810,64340,19336,46389,194998,0,66,18308,48646,65108,73452,40462,69902,19387
16545,176425,0,2324,67310,37382,68089,47621,40501,70911,69117,3272,115911,0,1,3268,9871,65925,50493,43327,65550,3343,9112,214250,0,53,17227,41496,63154,56573,37282,64460,15980,11848,187592,0,70,17526,39945,75321,70995,40198,70625,18925
43114,176081,0,2195,67395,37004,70309,54526,40956,59161,68349,5547,156143,0,2,3706,26252,78124,47107,41305,67210,4118,31513,216339,0,58,17537,33941,74742,77674,37703,66120,20963,44153,187145,0,68,17117,37079,60379,48443,39950,61174,18427
15778,173708,0,2165,65500,36917,61138,46177,40031,62582,68054,3270,51651,0,3,3203,24312,90319,80806,41725,81624,2714,9240,204178,0,70,17022,41453,54197,75193,40625,63208,15242,11642,179270,0,63,16872,48163,48278,63503,38843,67050,18117
43242,182047,0,2154,86023,36808,46813,70832,40100,78732,95782,4330,174625,0,1,3878,52914,59982,70718,40351,85156,5669,33705,243870,0,40,18800,46378,65438,78650,39556,79492,23240,43879,174115,0,60,22637,38479,100110,75922,38542,76120,25915
18951,179358,0,1980,32537,36258,44564,48524,40129,52330,22807,3237,43186,0,5,2293,10475,42737,45497,40101,53534,1372,12099,178331,0,34,7825,30019,48933,53283,39924,55174,4642,13755,164963,0,68,9079,27178,47699,50500,38693,52443,7781
71234,184102,0,2032,47815,36199,80449,60168,39298,65017,55941,8676,118098,0,3,3230,8800,48644,77313,39682,55725,2607,52702,179736,0,46,11672,42694,64782,66990,39414,61732,14217,77904,162869,0,58,12775,36801,63144,71373,38328,69027,15425
17983,187883,0,1895,52728,36642,46782,117021,39186,60973,53611,3271,169655,0,2,3975,14627,59882,93130,42854,65630,5153,9867,188264,0,40,13075,34312,64727,51072,41064,62722,11792,12206,165349,0,67,12924,39600,78448,78703,38569,58722,12805
19305,192269,0,1930,49546,36282,47976,48647,38250,65276,54841,2913,102762,0,1,4119,12628,62032,50669,39609,63550,4047,11318,162774,0,40,10796,35658,76972,57054,40457,64029,12934,14219,164119,0,51,11886,45844,54887,88942,38501,61977,13533
14512,197085,0,1808,48622,36172,82238,60049,38677,63540,51555,2565,132633,0,1,4562,8255,61659,88043,38269,75406,4590,7669,185397,0,35,10119,38324,59352,63620,41056,68146,9640,9303,162189,0,40,10419,30168,47696,51436,38937,62779,10511
39945,202283,0,1813,48274,36449,69253,60877,38438,59588,50353,4181,92133,0,3,3513,26288,72021,50350,39075,65687,4067,25486,190669,0,40,10729,41316,72655,68691,43979,63346,12743,37945,164696,0,53,11266,43115,79619,50259,38601,63680,12859
16435,201662,0,1729,47015,36246,45445,45833,38678,73154,50054,2301,55244,0,2,2755,15993,60334,65326,36578,63154,2664,8625,185078,0,39,9160,35152,57555,103015,42335,63067,8377,9970,164388,0,53,12647,34937,75077,84720,38722,75466,13079
12438,199293,0,1745,44264,36535,104508,63419,38065,64764,46846,2408,147166,0,1,2491,18390,60673,84544,36571,60674,2474,5959,184903,0,46,9047,37676,68835,59946,41245,70596,10556,7216,163756,0,50,9949,37449,59227,65224,39511,64214,11564
39924,204764,0,1698,41352,35797,69057,45772,37920,56249,43939,6052,139714,0,3,2408,34425,74632,94505,36067,67875,2473,30356,167198,0,35,7779,40522,52947,63657,41319,63080,7593,40008,153649,0,47,7330,27114,83495,66030,39558,67111,7642
17551,215106,0,1679,36640,35973,45791,61908,37814,71069,39703,2081,163870,0,1,4419,23193,48482,75244,35689,68824,4870,9468,181013,0,23,7479,34800,67620,57215,40147,66902,8588,11295,148794,0,39,7706,36673,65792,75415,38575,62069,8678
50058,226815,0,1648,34233,36401,44030,92628,37830,65821,36249,4509,175944,0,2,2371,29110,53309,49517,35516,58096,2180,33847,181953,0,27,6759,32533,45880,64806,40018,62342,7030,45796,138979,0,42,8160,47399,64775,63971,38833,65231,8601
20397,243147,0,1576,31143,35928,44855,76120,37517,63537,33761,2274,307160,0,4,3684,10127,61438,63435,35511,66272,4167,9727,216762,0,25,6316,36562,46279,64738,40188,72023,7049,12961,149961,0,49,8429,33118,45541,70906,38371,70139,9404
51237,247958,0,1490,29920,35866,61392,78769,37660,65081,31736,3697,149073,0,1,1778,23428,76453,87974,35640,62684,1628,33576,168594,0,33,6296,34737,70105,65726,39163,65487,6836,47464,133218,0,36,8041,36136,54218,50151,38611,61927,8770
15840,254661,0,1500,28168,35432,44139,65823,37353,63932,30526,2218,182586,0,0,3604,20762,73043,78627,35648,75789,3800,9026,165896,0,27,5679,32863,85045,71779,39627,60513,6006,10264,133009,0,43,7403,40120,55643,75105,38638,64360,8447
52966,260767,0,1464,25990,35922,44171,57175,36926,65895,28189,3560,163281,0,1,1408,9573,46989,51606,36178,71253,1564,34153,156950,0,33,5102,38066,64999,57100,39856,73056,5963,48137,129929,0,38,8149,46871,52817,80200,38644,68436,8068
49952,262951,0,1300,34848,36019,73668,44385,37021,78332,39930,5604,255371,0,1,1131,22522,102049,62858,35579,67833,1345,26737,222964,0,25,8142,37954,85247,73366,39802,81077,9460,45558,154494,0,42,8814,32588,64936,58727,38086,74213,10651
22567,267697,0,1356,12602,35849,43703,44090,36169,51356,10556,2125,41874,0,1,387,7928,45224,48658,35460,52591,458,13100,89539,0,29,3211,27471,45309,50053,38638,53854,2633,14853,94212,0,31,4421,26373,43810,47883,37679,49938,3214
15071,273216,0,1354,14698,35894,79394,54299,36811,59538,18626,1705,36671,0,1,316,12869,74533,93149,35565,65617,378,7369,84591,0,28,4136,29557,44927,73600,38785,58432,4588,8950,132393,0,29,6294,39202,104626,47873,37559,69605,7412
45384,280629,0,1268,15746,36093,44743,70644,36763,67779,17197,2573,93190,0,1,236,13404,54839,50933,35191,68733,408,31104,120524,0,13,4637,44165,66005,71482,38827,67822,4965,45383,105259,0,37,8189,42811,72281,65122,37141,66233,7883
16094,282276,0,1202,13720,35674,89789,64838,36582,60368,17228,1608,141581,0,2,243,12637,57075,82037,35890,68610,360,7560,162130,0,23,3684,30319,72524,55008,38685,60601,4465,9567,110616,0,28,8112,29572,44320,74446,37115,62873,9504
51269,274983,0,1230,11068,35936,69472,98069,36328,62543,13324,4118,74285,0,0,234,50448,49492,63041,35503,60537,292,31649,120148,0,21,3841,29873,65933,67409,38485,64606,3952,44728,77228,0,31,6903,38572,69083,114672,36759,63853,6631
20181,274612,0,1195,8996,35945,70210,46643,36348,76898,11202,1776,107291,0,0,222,11155,67131,75570,34338,59991,317,9154,157418,0,30,3556,30449,57173,56076,37925,65826,4175,12044,131670,0,29,5783,39228,43454,60214,36747,72295,6987
56233,266633,0,1140,8271,35656,92598,58260,36015,54026,10382,3553,103125,0,0,201,28362,69006,91205,34592,71472,286,32306,141588,0,18,4344,43922,62205,77952,37749,60942,4512,49242,102669,0,24,4014,37352,84655,59827,36309,55347,3305
15459,251851,0,1131,6315,35716,113864,90350,36496,62106,8816,1542,60953,0,0,212,36266,88384,95120,34802,66533,287,7407,136681,0,13,4935,29902,65029,70332,38204,69458,5955,8869,133082,0,24,5718,33702,63230,46890,36590,67835,6487
53460,213415,0,1065,5294,35505,43894,44219,36369,67923,7104,2081,84220,0,0,224,15905,46488,53227,34063,70214,283,30963,154295,0,18,4074,34847,52875,57510,37453,65860,4149,47500,121704,0,36,6296,33325,44986,68987,35925,63244,6269
15921,234194,0,1099,4850,35988,64033,43692,36126,67665,6812,1429,98147,0,0,211,9139,44741,47670,34302,62355,239,7087,150526,0,16,3958,35229,62317,77609,37827,67774,4351,9165,102882,0,23,5989,38603,53601,63240,35962,58785,7083
56919,206973,0,1044,4037,35959,44378,56948,36230,58937,5688,4735,58365,0,2,157,10684,73117,49851,33169,55745,240,27467,147769,0,15,3727,35015,47990,47463,37994,62526,3839,46550,138267,0,24,4305,29594,68871,91716,35834,72223,4179
15534,210362,0,1038,3327,36475,82175,58888,36463,71116,5247,1389,29501,0,1,203,21466,46256,55015,33459,72931,250,6892,151162,0,23,3865,40170,60971,63145,37572,59179,4076,9199,134707,0,20,4060,36802,57842,56504,35628,65155,4611
54438,207473,0,986,2974,36623,42840,70554,35936,63194,4444,2974,64243,0,0,188,17164,50244,66261,32452,64553,200,28678,173380,0,12,4830,32340,68006,59209,37246,72900,5369,50660,151430,0,23,2869,32914,95663,67967,35717,61068,2879
15267,202142,0,944,2657,36420,42559,71352,35925,64248,4107,1654,53999,0,0,158,21993,88566,52743,32409,66482,214,7374,131436,0,15,4908,37964,74233,77873,37144,61865,5511,9218,187644,0,16,3588,34629,42833,48480,35507,69995,3892
54874,195524,0,914,2372,37285,43402,77612,35991,62763,3931,4334,40698,0,0,178,18248,57497,84687,32416,72287,212,35629,136978,0,11,4915,34152,61276,61265,36795,68326,4646,51188,128615,0,25,3384,29770,57389,93626,34949,69410,3600
51147,303712,0,874,2111,37895,112367,73680,35731,98302,3399,2267,40608,0,1,146,22674,75297,77747,31809,74589,227,23022,139512,0,10,6965,40226,64088,87766,36460,78848,8770,46417,307009,0,15,3807,35077,60706,97511,35330,84020,4192
21994,96439,0,842,1843,36005,41187,45671,36067,51695,3028,1546,18705,0,1,165,7393,42118,48281,31827,50960,189,12437,55842,0,16,2996,28616,42099,48138,36769,52653,1602,14269,63343,0,19,2167,24925,41308,47800,34794,50014,2184
14518,95309,0,892,1727,35373,42400,68980,35764,53584,2853,1150,27882,0,1,181,7866,62252,109223,31633,55974,206,7568,159119,0,7,5164,33041,43297,59748,36496,62404,6600,9320,207801,0,17,2427,31544,58627,45947,34990,59907,2814
85787,237188,0,860,1565,35179,43084,60434,35531,65360,2577,5728,28643,0,2,161,14617,61750,47119,30795,68959,223,47617,144522,0,15,4174,34243,70066,58475,35983,64454,3242,84630,208734,0,25,2161,26144,78909,46139,34851,62712,1991
16182,220081,0,804,1270,35091,57672,45497,35594,61398,2418,1251,29303,0,0,186,23267,80560,97691,31203,57652,245,6736,97129,0,15,6387,31650,71011,55780,36346,63244,7581,10109,148564,0,23,1796,35415,62696,61433,35094,62944,2255
18914,221025,0,782,1261,34447,41041,78096,35436,64925,2264,1335,20144,0,0,178,48345,70227,48219,30341,68655,209,8812,166233,0,4,8101,36737,70721,77954,36014,61326,7975,11890,208121,0,20,1542,27224,73459,45052,34452,64069,1363
19198,273788,0,766,1078,33967,71285,76275,35426,60897,2097,1095,20308,0,0,174,25502,95350,76687,30362,72825,229,6733,155588,0,6,7188,31862,58047,55053,35534,65740,7701,11204,175534,0,22,1910,25938,79558,64661,34375,69079,2313
49219,261692,0,752,1047,33440,98902,65682,35140,67323,1957,2619,14822,0,1,178,19367,43106,45510,30121,61801,219,31066,115584,0,13,6760,34255,61001,73426,35614,63781,6361,45756,214402,0,15,1940,28088,45986,96251,34157,64900,1944
13961,280810,0,752,980,33091,42119,78460,35018,67299,1780,1285,8362,0,1,167,7545,44547,54769,29684,58316,218,6106,140616,0,13,8835,34201,57333,64934,35361,68083,9939,8594,220081,0,19,1520,24768,93294,63044,33737,60225,1775
55326,267170,0,750,930,32846,60750,43570,34754,63198,1594,4568,17302,0,0,150,25417,43579,50654,28912,52989,218,23925,121820,0,9,9210,27799,50368,74946,34911,62455,9132,50180,58767,0,15,1365,25513,45022,81632,33856,63021,1418
14259,297321,0,654,878,32736,42809,43056,34779,61747,1422,1140,17764,0,0,170,21659,73479,74119,28868,59893,220,6075,111595,0,11,6810,37848,70960,61958,34698,61762,6807,8408,208975,0,13,936,26330,57617,60065,33608,69187,1068
61628,96020,0,665,838,32180,112321,44583,34263,63767,1294,2044,16208,0,2,153,7634,65920,66886,28320,75247,239,30666,106021,0,6,7664,29293,69232,47091,34277,67749,7830,57759,204497,0,18,872,27149,60794,49213,33140,61776,860
14518,281201,0,657,800,31666,75404,75679,33970,58276,1295,1222,13772,0,0,178,27043,91761,88229,27958,55377,211,6506,95896,0,13,8044,30051,67129,61611,33891,66024,8333,8271,203996,0,7,900,25191,82512,52407,32757,67287,1066
52249,233751,0,659,805,31010,81393,108241,33825,69038,1209,4360,17955,0,0,194,14815,55141,86886,27203,90508,265,25436,112625,0,10,9328,32875,79591,61906,33130,67380,9726,53316,167596,0,26,849,24357,69357,81578,32361,64247,860
14998,352989,0,610,799,30218,69684,79943,32864,76338,1093,1242,16055,0,0,202,23367,79626,86853,27034,66162,282,7013,33791,0,11,6950,26575,87916,75959,32826,73281,7060,8698,142582,0,9,752,23276,80867,97818,31904,71216,834
56526,350221,0,598,675,30107,44677,62131,32393,72985,1135,2650,18117,0,1,187,13379,48788,57129,26191,71322,233,27594,84979,0,14,5287,31269,48314,63585,32218,70349,5130,54970,122480,0,18,649,24277,61627,76770,31560,71572,792
54565,469805,0,563,664,29501,89331,70642,31632,87334,1130,4171,25396,0,0,173,44733,106683,104041,25404,93110,252,18740,124617,0,3,10740,36503,79180,112591,31596,78951,12950,49737,126277,0,13,514,26555,112700,122700,30786,87278,660
21477,47321,0,537,592,28827,42261,46806,30930,46915,1017,1448,3845,0,0,176,7365,40801,45130,24584,44511,235,9892,15426,0,7,2779,25672,41644,51468,31010,47406,938,12630,19505,0,9,451,21855,42864,50355,30353,48340,585
16213,187911,0,540,613,28119,94206,62686,29946,53443,925,1254,2892,0,0,206,18587,97498,63680,23926,49641,323,5753,45297,0,4,4067,29369,59737,73319,30081,62375,3772,8591,47950,0,20,514,21149,62341,75453,29076,57981,557
50450,135602,0,482,568,27782,91544,69616,29548,68322,951,2736,18643,0,1,208,21364,65379,66177,22927,69913,330,25849,35714,0,6,6027,27719,65320,61149,29082,67925,7125,45452,41898,0,18,447,21031,54510,63172,28627,64420,610
19162,29493,0,525,601,27502,63259,73973,28384,67729,874,1350,13563,0,1,182,6281,43291,76525,22005,71488,326,6964,27630,0,10,6378,28084,47105,50782,27828,57953,7046,9482,34732,0,7,477,21800,68646,60506,27427,63166,659
56571,77024,0,501,586,27597,112180,74514,26955,73246,949,2507,12142,0,0,228,25697,78177,69182,21173,57783,308,26072,22847,0,4,3535,30327,73826,57488,26798,68142,3847,46674,37683,0,8,519,20470,68965,82766,25927,66554,702
29221,31712,0,484,596,27780,70017,68148,25769,66397,1036,1653,2007,0,1,225,12247,57490,47393,19991,64107,369,10225,22591,0,7,2448,34671,74229,75501,25674,66238,2193,13710,28475,0,11,614,20867,62970,65404,24976,64723,806
61041,20474,0,549,702,27757,54435,65081,24865,65598,1070,5802,1496,0,0,227,21356,57483,70850,18749,57487,396,23809,26776,0,0,3597,27164,102834,84644,24173,66836,4676,48382,21321,0,13,659,19331,66662,82846,23896,67001,934
27412,13309,0,679,731,28812,76527,72278,23331,66388,1188,2095,1356,0,1,298,12534,64638,44933,17545,75165,388,9346,42266,0,7,3286,24390,46019,79814,22822,68546,3458,12407,12547,0,13,818,18906,70369,67813,22235,65264,1159
62993,9775,0,1086,919,28926,68429,68758,21541,62833,1235,3147,1272,0,0,352,9300,57135,67633,16453,58762,408,25724,42456,0,14,2829,24575,58031,58832,21456,64327,3523,47673,9869,0,28,1204,18777,77386,61028,20931,65752,1333
33195,7851,0,1601,1077,29516,60286,61413,20278,60566,1244,3229,1410,0,0,369,31825,64301,83619,15109,71458,412,12101,37528,0,28,2505,27139,93399,71708,20014,61092,2431,14930,5786,0,39,1875,19349,65966,82898,19557,59943,1822
40201,6329,0,2241,978,29405,65622,55478,18658,53365,1487,4487,1596,0,1,194,43313,149322,140934,13922,82601,431,18542,23938,0,18,2496,28816,82224,80540,18436,56462,2719,18304,4778,0,38,2464,18482,62382,71207,17738,58204,2576
2165386,13887,0,7733,878,2101831,97091,111985,138267,25503,5328,129676,3361,0,1,45,127550,38801,35744,94789,17927,863,816951,13437,0,94,1701,806424,74525,64722,128020,20957,6901,934904,13716,0,161,2184,913570,74510,50830,127358,20732,5989
